﻿<?xml version="1.0" encoding="utf-8" ?>
<log4net xsi:noNamespaceSchemaLocation="http://csharptest.net/downloads/schema/log4net.xsd" xmlns:xsi="http://www.w3.org/2001/XMLSchema-instance">
  <appender name="CatchAllFile" type="log4net.Appender.RollingFileAppender">
    <file value="logs/nntppAutoPoster.log"/>
    <rollingStyle value="Date"/>
    <datePattern value="yyyy-MM-dd"/>
    <maxSizeRollBackups value="10"/>
    <layout type="log4net.Layout.PatternLayout">
      <conversionPattern value="%date %level %thread %logger - %message%newline" />
    </layout>
  </appender>
  <root>
    <level value="DEBUG"/>
    <appender-ref ref="CatchAllFile"/>
  </root>
</log4net>